UC Campus,CC,UC Course Requirement,Courses Group 1,Courses Group 2
University of California Berkeley,Cuesta College,MATH 51,MATH 265A (5.00),
University of California Berkeley,Cuesta College,MATH 52,MATH 265B (5.00),
University of California Berkeley,Cuesta College,MATH 53,MATH 283 (5.00),
University of California Berkeley,Cuesta College,MATH 54,MATH 287 (5.00),
University of California Berkeley,Cuesta College,PHYSICS 7A,PHYS 208A (5.00),
University of California Berkeley,Cuesta College,PHYSICS 7B,PHYS 208B (5.00),
University of California Berkeley,Cuesta College,,ENGL C1000 (4.00),
University of California Berkeley,Cuesta College,,ENGL 201B (4.00); ENGL C1001 (4.00),
University of California Berkeley,Cuesta College,ASTRON 7A,Not Articulated,
University of California Berkeley,Cuesta College,ASTRON 7B,Not Articulated,
University of California Berkeley,Cuesta College,BIOLOGY 1A; BIOLOGY 1AL,BIO 201A (5.00),
University of California Berkeley,Cuesta College,BIOLOGY 1B,BIO 201B (5.00),
University of California Berkeley,Cuesta College,CHEM 1A; CHEM 1AL,CHEM 201A (5.00),
University of California Berkeley,Cuesta College,CHEM 1B,CHEM 201B (5.00),
University of California Berkeley,Cuesta College,CHEM 3A; CHEM 3AL,CHEM 212A (5.00),
University of California Berkeley,Cuesta College,CHEM 3B; CHEM 3BL,CHEM 212B (5.00),
University of California Berkeley,Cuesta College,MCELLBI 32; MCELLBI 32L,BIO 206 (5.00),
University of California Berkeley,Cuesta College,PHYSICS 7C,PHYS 208C (4.00),
University of California Berkeley,Cuesta College,COMPSCI 61A,Not Articulated,
University of California Berkeley,Cuesta College,COMPSCI 61B,Not Articulated,
University of California Berkeley,Cuesta College,COMPSCI 61C,Not Articulated,
University of California Berkeley,Cuesta College,COMPSCI 70,Not Articulated,
University of California Berkeley,Cuesta College,EECS 16A,Not Articulated,
University of California Berkeley,Cuesta College,EECS 16B,Not Articulated,
University of California Davis,Cuesta College,ECS 020,CS 241 (3.00),
University of California Davis,Cuesta College,ECS 036A; ECS 036B; ECS 036C,CS 232 (2.00); CS 233 (2.00),
University of California Davis,Cuesta College,ECS 050,CS 240 (3.00),
University of California Davis,Cuesta College,MAT 021A,MATH 265A (5.00),
University of California Davis,Cuesta College,MAT 021B,MATH 265B (5.00),
University of California Davis,Cuesta College,MAT 021C; MAT 021D,MATH 283 (5.00),
University of California Davis,Cuesta College,MAT 022A; MAT 022B,MATH 287 (5.00),
University of California Davis,Cuesta College,MAT 027A,Not Articulated,
University of California Davis,Cuesta College,MAT 067,Not Articulated,
University of California Davis,Cuesta College,BIS 002A; BIS 002B; BIS 002C,BIO 201A (5.00); BIO 201B (5.00),
University of California Davis,Cuesta College,CHE 002A; CHE 002B; CHE 002C,CHEM 201A (5.00); CHEM 201B (5.00),
University of California Davis,Cuesta College,CHE 004A,Not Articulated,
University of California Davis,Cuesta College,CHE 004B,Not Articulated,
University of California Davis,Cuesta College,CHE 004C,Not Articulated,
University of California Davis,Cuesta College,PHY 009A,PHYS 208A (5.00),
University of California Davis,Cuesta College,PHY 009B,PHYS 208A (5.00); PHYS 208B (5.00),
University of California Davis,Cuesta College,PHY 009C,PHYS 208A (5.00); PHYS 208B (5.00),
University of California Irvine,Cuesta College,I&C SCI 31; I&C SCI 32; I&C SCI 33,Not Articulated,
University of California Irvine,Cuesta College,MATH 2A,MATH 265A (5.00),
University of California Irvine,Cuesta College,MATH 2B,MATH 265B (5.00),
University of California Irvine,Cuesta College,I&C SCI 45C,Not Articulated,
University of California Irvine,Cuesta College,I&C SCI 46,CS 233 (2.00),
University of California Irvine,Cuesta College,I&C SCI 51,Not Articulated,
University of California Irvine,Cuesta College,I&C SCI 53,Not Articulated,
University of California Irvine,Cuesta College,IN4MATX 43,Not Articulated,
University of California Irvine,Cuesta College,I&C SCI 6B,Not Articulated,
University of California Irvine,Cuesta College,I&C SCI 6D,CS 241 (3.00),
University of California Irvine,Cuesta College,STATS 67,Not Articulated,
University of California Irvine,Cuesta College,I&C SCI 6N,Not Articulated,
University of California Irvine,Cuesta College,MATH 3A,MATH 287 (5.00),
University of California Los Angeles,Cuesta College,COM SCI 31,Not Articulated,
University of California Los Angeles,Cuesta College,COM SCI 32,Not Articulated,
University of California Los Angeles,Cuesta College,COM SCI 33,CS 240 (3.00),
University of California Los Angeles,Cuesta College,COM SCI 35L,Not Articulated,
University of California Los Angeles,Cuesta College,COM SCI M51A,Not Articulated,
University of California Los Angeles,Cuesta College,EC ENGR M16,Not Articulated,
University of California Los Angeles,Cuesta College,MATH 31A,MATH 265A (5.00),
University of California Los Angeles,Cuesta College,MATH 31B,MATH 265B (5.00),
University of California Los Angeles,Cuesta College,MATH 32A,MATH 283 (5.00),
University of California Los Angeles,Cuesta College,MATH 32B,MATH 283 (5.00),
University of California Los Angeles,Cuesta College,MATH 33A,MATH 287 (5.00),
University of California Los Angeles,Cuesta College,MATH 33B,MATH 287 (5.00),
University of California Los Angeles,Cuesta College,MATH 61,CS 241 (3.00),
University of California Los Angeles,Cuesta College,PHYSICS 1A; PHYSICS 1B; PHYSICS 1C; PHYSICS 4AL; PHYSICS 4BL,PHYS 208A (5.00); PHYS 208B (5.00),
University of California Los Angeles,Cuesta College,ENGCOMP 3,ENGL C1000 (4.00),
University of California Los Angeles,Cuesta College,,ENGL 201B (4.00),ENGL C1001 (4.00)
University of California Los Angeles,Cuesta College,,Not Articulated,
University of California Merced,Cuesta College,CSE 022,CS 217 (3.00),CS 231 (4.00)
University of California Merced,Cuesta College,CSE 030,CS 233 (2.00),
University of California Merced,Cuesta College,MATH 021,MATH 265A (5.00),
University of California Merced,Cuesta College,MATH 022,MATH 265B (5.00),
University of California Merced,Cuesta College,MATH 023,MATH 283 (5.00),
University of California Merced,Cuesta College,MATH 024,MATH 287 (5.00),
University of California Merced,Cuesta College,PHYS 008; PHYS 008L,PHYS 208A (5.00),
University of California Merced,Cuesta College,PHYS 009; PHYS 009L,PHYS 208B (5.00),
University of California Merced,Cuesta College,CSE 015,CS 241 (3.00),
University of California Merced,Cuesta College,CSE 022,CS 217 (3.00),CS 231 (4.00)
University of California Merced,Cuesta College,CSE 024,Not Articulated,
University of California Merced,Cuesta College,CSE 030,CS 233 (2.00),
University of California Merced,Cuesta College,CSE 031,CS 240 (3.00),
University of California Merced,Cuesta College,ENGR 065,ENGR 217 (4.00),
University of California Merced,Cuesta College,ENGR 091,Not Articulated,
University of California Merced,Cuesta College,MATH 032,Not Articulated,
University of California Merced,Cuesta College,ENGR 080,Not Articulated,
University of California Merced,Cuesta College,WRI 001,ENGL C1000 (4.00),
University of California Merced,Cuesta College,WRI 010,ENGL 201B (4.00),ENGL C1001 (4.00)
University of California Riverside,Cuesta College,CS 10A,CS 217 (3.00),CS 231 (4.00)
University of California Riverside,Cuesta College,CS 10B,CS 232 (2.00); CS 233 (2.00),
University of California Riverside,Cuesta College,MATH 9A; MATH 9B; MATH 9C,MATH 265A (5.00); MATH 265B (5.00),
University of California Riverside,Cuesta College,PHYS 40A,PHYS 208A (5.00),
University of California Riverside,Cuesta College,CS 11,CS 241 (3.00),
University of California Riverside,Cuesta College,CS 10C,Not Articulated,
University of California Riverside,Cuesta College,CS 61,CS 240 (3.00),
University of California Riverside,Cuesta College,MATH 10A,MATH 283 (5.00),
University of California Riverside,Cuesta College,PHYS 40B,PHYS 208A (5.00); PHYS 208B (5.00),
University of California Riverside,Cuesta College,PHYS 40C,PHYS 208B (5.00),
University of California Riverside,Cuesta College,EE 20B,Not Articulated,
University of California Riverside,Cuesta College,MATH 31,MATH 287 (5.00),
University of California San Diego,Cuesta College,CSE 11,CS 231 (4.00); CS 232 (2.00); CS 233 (2.00),
University of California San Diego,Cuesta College,CSE 12,CS 231 (4.00); CS 232 (2.00); CS 233 (2.00),
University of California San Diego,Cuesta College,CSE 29,Not Articulated,
University of California San Diego,Cuesta College,CSE 20,CS 241 (3.00),
University of California San Diego,Cuesta College,CSE 21,Not Articulated,
University of California San Diego,Cuesta College,CSE 30,Not Articulated,
University of California San Diego,Cuesta College,MATH 18,MATH 287 (5.00),
University of California San Diego,Cuesta College,MATH 20A,MATH 265A (5.00),
University of California San Diego,Cuesta College,MATH 20B,MATH 265B (5.00),
University of California San Diego,Cuesta College,MATH 20C,MATH 283 (5.00),
University of California San Diego,Cuesta College,BILD 1,BIO 201A (5.00); BIO 201B (5.00),
University of California San Diego,Cuesta College,BILD 2,BIO 201A (5.00); BIO 201B (5.00),
University of California San Diego,Cuesta College,BILD 3,BIO 201A (5.00); BIO 201B (5.00),
University of California San Diego,Cuesta College,CHEM 6A,CHEM 201A (5.00),
University of California San Diego,Cuesta College,CHEM 6B,CHEM 201A (5.00); CHEM 201B (5.00),
University of California San Diego,Cuesta College,PHYS 2A,PHYS 208A (5.00),
University of California San Diego,Cuesta College,PHYS 2B,PHYS 208B (5.00),
University of California San Diego,Cuesta College,PHYS 4A,Not Articulated,
University of California San Diego,Cuesta College,PHYS 4B,Not Articulated,
University of California Santa Barbara,Cuesta College,MATH 3A,MATH 265A (5.00),
University of California Santa Barbara,Cuesta College,MATH 3B,MATH 265B (5.00),
University of California Santa Barbara,Cuesta College,MATH 4A,MATH 287 (5.00),
University of California Santa Barbara,Cuesta College,MATH 4B,MATH 287 (5.00),
University of California Santa Barbara,Cuesta College,CMPSC 16,CS 217 (3.00),
University of California Santa Barbara,Cuesta College,CMPSC 24,Not Articulated,
University of California Santa Barbara,Cuesta College,CMPSC 40,CS 241 (3.00),
University of California Santa Barbara,Cuesta College,CMPSC 32,Not Articulated,
University of California Santa Barbara,Cuesta College,CMPSC 64,CS 240 (3.00),
University of California Santa Barbara,Cuesta College,MATH 6A,MATH 283 (5.00),
University of California Santa Barbara,Cuesta College,PHYS 1,PHYS 208A (5.00),
University of California Santa Barbara,Cuesta College,PHYS 2,PHYS 208A (5.00),
University of California Santa Barbara,Cuesta College,PHYS 3; PHYS 3L,PHYS 208B (5.00),
University of California Santa Barbara,Cuesta College,PHYS 6A; PHYS 6AL; PHYS 6B; PHYS 6BL; PHYS 6C; PHYS 6CL,PHYS 205A (4.00); PHYS 205B (4.00),
University of California Santa Barbara,Cuesta College,PHYS 7A,PHYS 208A (5.00),
University of California Santa Barbara,Cuesta College,PHYS 7B,PHYS 208A (5.00); PHYS 208B (5.00),
University of California Santa Barbara,Cuesta College,PHYS 7C,PHYS 208B (5.00),
University of California Santa Barbara,Cuesta College,PHYS 7D,PHYS 208A (5.00); PHYS 208C (4.00),
University of California Santa Barbara,Cuesta College,PHYS 7L,PHYS 208A (5.00); PHYS 208B (5.00),
University of California Santa Barbara,Cuesta College,CHEM 1A; CHEM 1B; CHEM 1C; CHEM 2AL; CHEM 2BL,CHEM 201A (5.00); CHEM 201B (5.00),
University of California Santa Barbara,Cuesta College,MCDB 1A; MCDB 1LL,BIO 201A (5.00),
University of California Santa Barbara,Cuesta College,MCDB 1B,BIO 201A (5.00); BIO 201B (5.00),
University of California Santa Barbara,Cuesta College,PSTAT 120A,Not Articulated,
University of California Santa Cruz,Cuesta College,CSE 12,CS 240 (3.00),
University of California Santa Cruz,Cuesta College,CSE 16,CS 241 (3.00),
University of California Santa Cruz,Cuesta College,CSE 30,CS 232 (2.00); CS 233 (2.00),
University of California Santa Cruz,Cuesta College,MATH 19A,MATH 265A (5.00),
University of California Santa Cruz,Cuesta College,MATH 19B,MATH 265B (5.00),
University of California Santa Cruz,Cuesta College,AM 10,MATH 287 (5.00),
University of California Santa Cruz,Cuesta College,MATH 21,MATH 287 (5.00),
University of California Santa Cruz,Cuesta College,AM 30,MATH 283 (5.00),
University of California Santa Cruz,Cuesta College,MATH 23A,MATH 283 (5.00),
