UC Name,Group ID,Set ID,Num Required,Receiving,Courses Group 1,Courses Group 2,Courses Group 3,Courses Group 4,Courses Group 5,Courses Group 6
UCB,MultivariableCalc,A,1,MATH 53,MATH 005C (5.00),MATH 005CH (5.00),,,,
UCB,LinearAlgebraAndDifferentialEqations,A,1,MATH 54,MATH 010 (4.00); MATH 055 (4.00),MATH 010H (4.00); MATH 055H (4.00),,,,
UCD,DiscreteMath,A,1,ECS 020,CS 045 (4.00),MATH 022 (4.00),,,,
UCD,Intro1,A,1,ECS 036A,CS 002 (4.00),CS 003B (3.00),CS 003C (3.00),,,
UCD,Intro2,A,1,ECS 036B,CS 003A (3.00),,,,,
UCD,DataStructures,A,1,ECS 036C,CS 008 (3.00); CS 008L (1.00),,,,,
UCD,Organization,A,1,ECS 050,CS 066 (3.00),,,,,
UCD,Calc1,A,1,MAT 021A,MATH 005A (5.00),MATH 005AH (5.00),,,,
UCD,Calc2,A,1,MAT 021B; MAT 021C; MAT 021D,MATH 005B (5.00); MATH 005C (5.00),MATH 005BE (5.50); MATH 005C (5.00),MATH 005BH (5.00); MATH 005C (5.00),MATH 005B (5.00); MATH 005CH (5.00),MATH 005BE (5.50); MATH 005CH (5.00),MATH 005BH (5.00); MATH 005CH (5.00)
UCD,Calc3,A,1,MAT 021B; MAT 021C; MAT 021D,MATH 005B (5.00); MATH 005C (5.00),MATH 005BE (5.50); MATH 005C (5.00),MATH 005BH (5.00); MATH 005C (5.00),MATH 005B (5.00); MATH 005CH (5.00),MATH 005BE (5.50); MATH 005CH (5.00),MATH 005BH (5.00); MATH 005CH (5.00)
UCI,Intro,A,3,I&C SCI 31; I&C SCI 32; I&C SCI 33,CS 002 (4.00); CS 003B (3.00); CS 003BL (1.00),CS 002 (4.00); CS 003C (3.00); CS 003CL (1.00),CS 003B (3.00); CS 003BL (1.00); CS 033 (3.00),CS 003C (3.00); CS 003CL (1.00); CS 034 (3.00),,
UCI,Calc1,A,1,MATH 2A,BUS 014B (4.00); MATH 005A (5.00); MATH 005AE (5.50); MATH 005AH (5.00); MATH 006A (3.00),,,,,
UCI,Calc2,A,1,MATH 2B,MATH 005B (5.00); MATH 005BE (5.50); MATH 005BH (5.00),,,,,
UCLA,Intro,A,1,COM SCI 31,CS 003A (3.00); CS 003AL (1.00),,,,,
UCLA,Calc1,A,1,MATH 31A,MATH 005A (5.00),MATH 005AH (5.00),MATH 005AE (5.50),,,
UCLA,Calc2,A,1,MATH 31B,MATH 005B (5.00),MATH 005BH (5.00),MATH 005BE (5.50),,,
UCLA,Calc3,A,1,MATH 32A,MATH 005C (5.00),MATH 005CH (5.00),,,,
UCLA,Calc4,A,1,MATH 32B,MATH 005C (5.00),MATH 005CH (5.00),,,,
UCLA,LinearAlgebra,A,1,MATH 33A,MATH 010 (4.00),MATH 010H (4.00),,,,
UCLA,DifferentialEquations,A,1,MATH 33B,MATH 055 (4.00),MATH 055H (4.00),,,,
UCM,DataStructures,A,1,CSE 030,CS 008 (3.00),,,,,
UCM,Calc1,A,1,MATH 021,MATH 005A (5.00),MATH 005AH (5.00),,,,
UCM,Calc2,A,1,MATH 022,MATH 005B (5.00),MATH 005BH (5.00),,,,
UCM,VectorCalc,A,1,MATH 023,MATH 005C (5.00),MATH 005CH (5.00),,,,
UCM,LinearAlgebra,A,1,MATH 024,MATH 010 (4.00); MATH 055 (4.00),MATH 010 (4.00); MATH 055H (4.00),MATH 010H (4.00); MATH 055 (4.00),MATH 010H (4.00); MATH 055H (4.00),,
UCR,Intro1,A,1,CS 10A,CS 002 (4.00),CS 003B (3.00),CS 003C (3.00),CIS 016 (3.00),,
UCR,Intro2,A,1,CS 10B,CIS 014 (3.00),CS 003A (3.00),,,,
UCR,Calc,A,3,MATH 9A; MATH 9B; MATH 9C,MATH 005A (5.00); MATH 005B (5.00),,,,,
UCSD,Intro,B,1,CSE 11,CS 003B (3.00),,,,,
UCSD,DataStructures,A,1,CSE 12,CS 008 (3.00),,,,,
UCSD,DiscreteMath,A,1,CSE 20,MATH 022 (4.00),,,,,
UCSD,LinearAlgebra,A,1,MATH 18,MATH 010 (4.00),MATH 010H (4.00),,,,
UCSD,Calc1,A,1,MATH 20A,MATH 005A (5.00),MATH 005AH (5.00),MATH 005AE (5.50),,,
UCSD,Calc2,A,1,MATH 20B,MATH 005B (5.00),MATH 005BH (5.00),MATH 005BE (5.50),,,
UCSD,Calc3,A,1,MATH 20C,MATH 005C (5.00),MATH 005CH (5.00),,,,
UCSB,Calc1,A,1,MATH 3A,MATH 005A (5.00),MATH 005AE (5.50),MATH 005AH (5.00),,,
UCSB,Calc2,A,1,MATH 3B,MATH 005B (5.00),MATH 005BE (5.50),MATH 005BH (5.00),,,
UCSB,LinearAlgebra,A,1,MATH 4A,MATH 010 (4.00),MATH 010H (4.00),,,,
UCSB,DifferentialEquations,A,1,MATH 4B,MATH 055 (4.00),MATH 055H (4.00),,,,
UCSB,Intro,A,1,CMPSC 16,CS 003A (3.00); CS 003AL (1.00),,,,,
UCSB,DataStructures,A,1,CMPSC 24,CS 008 (3.00); CS 008L (1.00),,,,,
UCSB,DiscreteMath,A,1,CMPSC 40,CS 045 (4.00),MATH 022 (4.00),,,,
UCSC,DataStructures,A,1,CSE 12,CS 066 (3.00); CS 066L (1.00),,,,,
UCSC,DiscreteMath,A,1,CSE 16,CS 045 (4.00),MATH 022 (4.00),,,,
UCSC,Intro,A,1,CSE 30,CS 008 (3.00); CS 008L (1.00),CS 034 (3.00),,,,
UCSC,Calc1,A,1,MATH 19A,MATH 005A (5.00),MATH 005AE (5.50),MATH 005AH (5.00),,,
UCSC,Calc2,A,1,MATH 19B,MATH 005B (5.00),MATH 005BE (5.50),MATH 005BH (5.00),,,
